#Num	Codon	Coverage
0	ATG	0
1	CCT	0
2	GAA	0
3	CCA	0
4	GTC	148
5	AAA	21
6	TCT	17
7	GCT	68
8	CCA	18
9	GTC	94
10	CCT	48
11	AAA	5
12	AAA	16
13	GGC	4
14	TCC	1
15	AAG	12
16	AAG	6
17	GCC	2
18	ATT	1
19	AAC	3
20	AAG	4
21	GCT	3
22	CAG	58
23	AAG	31
24	AAG	32
25	GAT	18
26	GGA	19
27	AAG	5
28	AAG	11
29	CGC	4
30	AAA	4
31	CGC	24
32	AGC	8
33	CGC	2
34	AAG	4
35	GAG	19
36	AGC	2
37	TAC	1
38	TCT	0
39	GTG	13
40	TAT	4
41	GTG	2
42	TAC	3
43	AAG	10
44	GTG	3
45	CTG	0
46	AAG	0
47	CAG	0
48	GTC	0
49	CAC	0
50	CCC	0
51	GAC	0
52	ACC	0
53	GGC	2
54	ATC	0
55	TCT	1
56	TCC	7
57	AAG	1
58	GCT	8
59	ATG	1
60	GGA	2
61	ATC	0
62	ATG	1
63	AAC	0
64	TCC	0
65	TTC	0
66	GTC	3
67	AAC	4
68	GAC	4
69	ATC	2
70	TTT	1
71	GAG	0
72	CGT	0
73	ATC	3
74	GCC	0
75	GGA	0
76	GAA	2
77	GCG	0
78	TCA	0
79	CGC	0
80	CTG	0
81	GCG	0
82	CAT	0
83	TAC	0
84	AAC	0
85	AAG	0
86	CGC	0
87	TCG	1
88	ACC	5
89	ATC	6
90	ACT	1
91	TCG	2
92	AGG	13
93	GAG	6
94	ATC	6
95	CAG	9
96	ACG	23
97	GCC	1
98	GTG	2
99	CGC	1
100	CTA	0
101	CTG	0
102	CTA	1
103	CCC	0
104	GGG	1
105	GAA	5
106	TTG	0
107	GCC	0
108	AAG	0
109	CAC	2
110	GCC	0
111	GTG	0
112	TCC	0
113	GAG	0
114	GGC	0
115	ACC	0
116	AAG	0
117	GCC	1
118	GTC	0
119	ACC	3
120	AAG	0
121	TAT	0
122	ACC	0
123	AGC	0
124	TCC	0
125	AAG	1
126	TGA	0
