Num	Codon	Coverage
0	ATG	0
1	CCT	0
2	GAA	0
3	CCA	0
4	GTC	460
5	AAA	56
6	TCT	57
7	GCT	211
8	CCA	253
9	GTC	198
10	CCT	64
11	AAA	45
12	AAA	106
13	GGC	38
14	TCC	11
15	AAG	102
16	AAG	46
17	GCC	5
18	ATT	31
19	AAC	28
20	AAG	67
21	GCT	48
22	CAG	325
23	AAG	176
24	AAG	135
25	GAT	166
26	GGA	60
27	AAG	57
28	AAG	50
29	CGC	22
30	AAA	17
31	CGC	76
32	AGC	50
33	CGC	26
34	AAG	27
35	GAG	144
36	AGC	38
37	TAC	15
38	TCT	16
39	GTG	140
40	TAT	21
41	GTG	89
42	TAC	75
43	AAG	61
44	GTG	25
45	CTG	0
46	AAG	0
47	CAG	0
48	GTC	0
49	CAC	0
50	CCC	0
51	GAC	1
52	ACC	0
53	GGC	56
54	ATC	7
55	TCT	12
56	TCC	18
57	AAG	14
58	GCT	64
59	ATG	19
60	GGA	31
61	ATC	4
62	ATG	10
63	AAC	0
64	TCC	0
65	TTC	3
66	GTC	13
67	AAC	16
68	GAC	20
69	ATC	12
70	TTT	1
71	GAG	15
72	CGT	15
73	ATC	2
74	GCC	4
75	GGA	0
76	GAA	3
77	GCG	1
78	TCA	1
79	CGC	1
80	CTG	1
81	GCG	0
82	CAT	6
83	TAC	0
84	AAC	0
85	AAG	24
86	CGC	3
87	TCG	9
88	ACC	20
89	ATC	6
90	ACT	2
91	TCG	26
92	AGG	56
93	GAG	28
94	ATC	6
95	CAG	53
96	ACG	77
97	GCC	5
98	GTG	20
99	CGC	5
100	CTA	0
101	CTG	1
102	CTA	7
103	CCC	3
104	GGG	16
105	GAA	17
106	TTG	0
107	GCC	2
108	AAG	4
109	CAC	5
110	GCC	0
111	GTG	0
112	TCC	0
113	GAG	0
114	GGC	0
115	ACC	0
116	AAG	1
117	GCC	0
118	GTC	4
119	ACC	0
120	AAG	0
121	TAT	2
122	ACC	0
123	AGC	5
124	TCC	5
125	AAG	8
126	TGA	2
